<?xml version='1.0' encoding='utf-8' standalone='yes' ?>
<map>
    <string name="gcd">{&quot;net&quot;:5513200559133,&quot;retries&quot;:0}</string>
    <long name="prev_session_dur" value="1" />
    <string name="afUninstallToken">dAOOLBMXSTiscWm71EPjfq:APA91bHxCFZ1ZKY4v6YrfEPZh5ds5T6O85AyB5QZLtY75scSn0SYDuDzocMu4U0MUWmPgItBGs7T81zXSWYHb6xYMbRT609jkKIIY4UCMU6uynNRV79AP8U</string>
    <boolean name="ddl_sent" value="true" />
    <long name="af_rc_max_age" value="86400" />
    <string name="sentSuccessfully">true</string>
    <int name="versionCode" value="240011251" />
    <string name="af_remote_config">eyJmZWF0dXJlcyI6e30sInZlciI6ImRlZmF1bHQudjEuMTYzNzE0OTUyOSJ9</string>
    <boolean name="sentRegisterRequestToAF" value="true" />
    <string name="savedProperties">{&quot;uid&quot;:&quot;7269288012000-4628238231641252367&quot;}</string>
    <string name="AF_INSTALLATION">7269288012000-4628238231641252367</string>
    <boolean name="afUninstallToken_queued" value="false" />
    <int name="appsFlyerCount" value="1" />
    <long name="AppsFlyerTimePassedSincePrevLaunch" value="7269288012000" />
    <boolean name="newGPReferrerSent" value="true" />
    <long name="af_rc_timestamp" value="1756087451970" />
    <string name="first_launch">{&quot;net&quot;:-5513200559144,&quot;from_fg&quot;:5513200560444,&quot;start_with&quot;:&quot;activity&quot;,&quot;init_to_fg&quot;:359}</string>
    <string name="appsFlyerFirstInstall">2025-08-25_073411+0530</string>
    <long name="afUninstallToken_received_time" value="1756087454406" />
    <string name="attributionId">{&quot;install_time&quot;:&quot;2025-08-25 02:04:13.371&quot;,&quot;af_message&quot;:&quot;organic install&quot;,&quot;af_status&quot;:&quot;Organic&quot;,&quot;is_first_launch&quot;:false}</string>
</map>
