<?xml version='1.0' encoding='utf-8' standalone='yes' ?>
<map>
    <string name="prev_event_name">af_content_view</string>
    <long name="prev_event_timestamp" value="1766804896486" />
    <int name="appsFlyerInAppEventCount" value="2" />
    <string name="gcd">{&quot;net&quot;:3047,&quot;retries&quot;:0}</string>
    <long name="prev_session_dur" value="5" />
    <string name="afUninstallToken">fNwJNodkRySCCv7osyxqCf:APA91bHHjBDIrA7NewkykxN73R5JShQ6wqmxGsibk9ta-p9BWXfwQ4S8Coem2m5E5lywvOVmHp3Jp-5Zm9eMMI_dZ1DYzykufvgHeqOfab-no0PMqL3QOFo</string>
    <long name="af_rc_max_age" value="86400" />
    <boolean name="ddl_sent" value="true" />
    <string name="sentSuccessfully">true</string>
    <string name="af_remote_config">eyJmZWF0dXJlcyI6e30sInZlciI6ImRlZmF1bHQudjEuMTYzNzE0OTUyOSJ9</string>
    <int name="versionCode" value="240011298" />
    <string name="savedProperties">{&quot;uid&quot;:&quot;1766804864029-2049196031772004284&quot;,&quot;waitForCustomerId&quot;:&quot;false&quot;,&quot;AppUserId&quot;:&quot;22723659&quot;}</string>
    <string name="AF_INSTALLATION">1766804864029-2049196031772004284</string>
    <boolean name="afUninstallToken_queued" value="false" />
    <int name="appsFlyerCount" value="4" />
    <long name="af_rc_timestamp" value="1766804864415" />
    <long name="AppsFlyerTimePassedSincePrevLaunch" value="1766833057462" />
    <boolean name="newGPReferrerSent" value="true" />
    <string name="appsFlyerFirstInstall">2025-12-27_083745+0530</string>
    <long name="afUninstallToken_received_time" value="1766804868668" />
    <string name="attributionId">{&quot;af_status&quot;:&quot;Organic&quot;,&quot;af_message&quot;:&quot;organic install&quot;,&quot;is_first_launch&quot;:false}</string>
</map>
