<?xml version='1.0' encoding='utf-8' standalone='yes' ?>
<map>
    <string name="prev_event_name">af_initiated_checkout</string>
    <long name="prev_event_timestamp" value="7269288012000" />
    <int name="appsFlyerInAppEventCount" value="2" />
    <long name="prev_session_dur" value="3" />
    <string name="afUninstallToken">cnI_H0L7TtOwAxcGr_OcmO:APA91bFV6pGgh9D2qh0Wg61Tz-1lzSlwdaSDxlvCpmSVYxjMkut17hyb9I9WRo-YuVGY4tRoKLq3GPLqao8mbblR1MkQ5hsEs1btSIebWG0FcC1zZY7i3tI</string>
    <boolean name="ddl_sent" value="true" />
    <long name="af_rc_max_age" value="86400" />
    <string name="sentSuccessfully">true</string>
    <string name="af_remote_config">eyJmZWF0dXJlcyI6e30sInZlciI6ImRlZmF1bHQudjEuMTYzNzE0OTUyOSJ9</string>
    <int name="versionCode" value="260011329" />
    <boolean name="sentRegisterRequestToAF" value="true" />
    <string name="savedProperties">{&quot;uid&quot;:&quot;7269288012000-4234807449584758833&quot;,&quot;waitForCustomerId&quot;:&quot;false&quot;,&quot;AppUserId&quot;:&quot;63480334&quot;}</string>
    <string name="AF_INSTALLATION">7269288012000-4234807449584758833</string>
    <boolean name="afUninstallToken_queued" value="false" />
    <int name="appsFlyerCount" value="6" />
    <long name="af_rc_timestamp" value="1765448536817" />
    <long name="AppsFlyerTimePassedSincePrevLaunch" value="1765466317041" />
    <boolean name="newGPReferrerSent" value="true" />
    <string name="first_launch">{&quot;net&quot;:-5526630420021,&quot;from_fg&quot;:5526630421006,&quot;start_with&quot;:&quot;activity&quot;,&quot;init_to_fg&quot;:137}</string>
    <string name="appsFlyerFirstInstall"></string>
    <long name="afUninstallToken_received_time" value="1755054230145" />
    <string name="attributionId">{&quot;install_time&quot;:&quot;2025-08-12 08:59:04.051&quot;,&quot;agency&quot;:null,&quot;media_source&quot;:&quot;restricted&quot;,&quot;retargeting_conversion_type&quot;:&quot;re-engagement&quot;,&quot;af_siteid&quot;:null,&quot;af_status&quot;:&quot;Non-organic&quot;,&quot;is_first_launch&quot;:false,&quot;af_sub1&quot;:null,&quot;af_sub5&quot;:null,&quot;click_time&quot;:null,&quot;af_sub4&quot;:null,&quot;af_sub3&quot;:null,&quot;af_sub2&quot;:null,&quot;http_referrer&quot;:null,&quot;campaign&quot;:null,&quot;af_channel&quot;:null,&quot;campaign_id&quot;:null}</string>
</map>
