<?xml version='1.0' encoding='utf-8' standalone='yes' ?>
<map>
    <boolean name="measurement_enabled_from_api" value="true" />
    <long name="first_open_time" value="1765448510391" />
    <string name="gmp_app_id">1:636813832662:android:6ee1faecedb3b1dbfc7477</string>
    <string name="app_instance_id">0c59e4b0ceefc834f7de1496f4f3f289</string>
    <long name="session_id" value="1765448510" />
    <boolean name="app_backgrounded" value="true" />
    <long name="health_monitor:start" value="1765448510573" />
    <boolean name="use_service" value="true" />
    <boolean name="deferred_analytics_collection" value="false" />
    <string name="previous_os_version">15</string>
    <boolean name="measurement_enabled" value="true" />
    <boolean name="has_been_opened" value="true" />
    <string name="health_monitor:value">2WC102001:Service connection failed: -</string>
    <boolean name="allow_remote_dynamite" value="true" />
    <long name="last_pause_time" value="1765448540936" />
    <boolean name="start_new_session" value="false" />
    <long name="health_monitor:count" value="88" />
</map>
