<?xml version='1.0' encoding='utf-8' standalone='yes' ?>
<map>
    <long name="first_open_time" value="1755884037097" />
    <string name="gmp_app_id">1:412826138735:android:8a32f791e415634f2ff59a</string>
    <string name="app_instance_id">17dff7aa7afa4299ee01fd51c67bf5bd</string>
    <long name="session_id" value="1755992868" />
    <boolean name="app_backgrounded" value="true" />
    <long name="health_monitor:start" value="1755992868181" />
    <boolean name="use_service" value="true" />
    <boolean name="deferred_analytics_collection" value="false" />
    <string name="default_event_parameters">[{&quot;n&quot;:&quot;sc_session_id&quot;,&quot;v&quot;:&quot;3007623863_e65c6f68-3329-4b70-893c-e200998a2520&quot;,&quot;t&quot;:&quot;s&quot;}]</string>
    <string name="previous_os_version">10</string>
    <boolean name="has_been_opened" value="true" />
    <boolean name="allow_remote_dynamite" value="true" />
    <long name="last_pause_time" value="1755992875739" />
    <boolean name="start_new_session" value="false" />
</map>
