<?xml version='1.0' encoding='utf-8' standalone='yes' ?>
<map>
    <boolean name="measurement_enabled_from_api" value="true" />
    <long name="first_open_time" value="1766804863808" />
    <string name="gmp_app_id">1:636813832662:android:6ee1faecedb3b1dbfc7477</string>
    <string name="app_instance_id">f8a1ac2a7f18daf4f35d6083b706f789</string>
    <long name="session_id" value="1766833056" />
    <boolean name="app_backgrounded" value="true" />
    <long name="health_monitor:start" value="1766804865796" />
    <boolean name="use_service" value="true" />
    <boolean name="deferred_analytics_collection" value="false" />
    <string name="previous_os_version">15</string>
    <boolean name="measurement_enabled" value="true" />
    <boolean name="has_been_opened" value="true" />
    <string name="health_monitor:value">2WC102001:Table has extra columns. table, columns: -, -</string>
    <boolean name="allow_remote_dynamite" value="true" />
    <long name="last_pause_time" value="1766833063862" />
    <boolean name="start_new_session" value="false" />
    <long name="health_monitor:count" value="117" />
</map>
