<?xml version='1.0' encoding='utf-8' standalone='yes' ?>
<map>
    <long name="com.facebook.appevents.SessionInfo.sessionStartTime" value="1765448537080" />
    <long name="com.facebook.appevents.SessionInfo.sessionEndTime" value="1765448540936" />
    <boolean name="bg_startup_tracing" value="false" />
    <int name="com.encdata.Teamxpros.classes.originalInstallVersionCode" value="240011251" />
    <int name="com.facebook.appevents.SessionInfo.interruptionCount" value="0" />
    <long name="com.encdata.Teamxpros.classes.cloneTimestamp" value="1742657982366" />
    <string name="com.facebook.appevents.SessionInfo.sessionId">eea02e72-afc6-4311-9916-972200f3e463</string>
</map>
