<?xml version='1.0' encoding='utf-8' standalone='yes' ?>
<map>
    <long name="com.facebook.appevents.SessionInfo.sessionStartTime" value="1765466310910" />
    <long name="com.facebook.appevents.SessionInfo.sessionEndTime" value="1765466320255" />
    <boolean name="bg_startup_tracing" value="false" />
    <int name="com.encdata.Teamxpros.classes.originalInstallVersionCode" value="240011251" />
    <int name="com.facebook.appevents.SessionInfo.interruptionCount" value="1" />
    <long name="com.encdata.Teamxpros.classes.cloneTimestamp" value="1742657982366" />
    <string name="com.facebook.appevents.SessionInfo.sessionId">cb1222fe-c2d5-4e77-8b32-4984207ea200</string>
</map>
