<?xml version='1.0' encoding='utf-8' standalone='yes' ?>
<map>
    <boolean name="measurement_enabled_from_api" value="true" />
    <long name="first_open_time" value="1758359595278" />
    <string name="gmp_app_id">1:636813832662:android:6ee1faecedb3b1dbfc7477</string>
    <string name="app_instance_id">5a42c3b9ebe291c3424cc62755deeaae</string>
    <long name="session_id" value="1765112568" />
    <boolean name="app_backgrounded" value="true" />
    <long name="health_monitor:start" value="1765112568098" />
    <boolean name="use_service" value="true" />
    <boolean name="deferred_analytics_collection" value="false" />
    <string name="previous_os_version">15</string>
    <boolean name="measurement_enabled" value="true" />
    <boolean name="has_been_opened" value="true" />
    <string name="health_monitor:value">2WC102001:Table has extra columns. table, columns: -, -</string>
    <boolean name="allow_remote_dynamite" value="true" />
    <long name="last_pause_time" value="1765112578112" />
    <boolean name="start_new_session" value="false" />
    <long name="health_monitor:count" value="111" />
</map>
