<?xml version='1.0' encoding='utf-8' standalone='yes' ?>
<map>
    <string name="deviceIdHash">0c9f0782-65dd-4b46-8ec9-0f9cc3c4a72d</string>
    <string name="Redmi/sweet_global/sweet:13/TKQ1.221013.002/V14.0.9.0.TKFMIXM:user/release-keys;1.12.98">beeeec538c5b1407417038c6682bbae7</string>
    <string name="vivo/2131i/2131:12/SP1A.210812.003/compiler01061501:user/release-keys;1.12.98">200863914ec6bda0b8aa500bc7208939</string>
    <string name="LAST_SAVED_LOCALE">en</string>
    <int name="AppMinSdkVersion" value="24" />
</map>
