<?xml version='1.0' encoding='utf-8' standalone='yes' ?>
<map>
    <string name="com.webengage.static.interfaceID">com.seekho.android|76FAD3F371311F53377EAAB548981559</string>
    <int name="com.webengage.static.version_code" value="210011101" />
    <string name="com.webengage.static.cuid">112549845</string>
    <set name="push_shown" />
    <boolean name="install_referrer_set" value="true" />
    <string name="com.webengage.static.luid">00000198-451e-6577-867b-c504f0fc9a04</string>
    <long name="amplify_interval" value="10800000" />
    <string name="com.webengage.session.evaluatedIds">null</string>
    <string name="com.webengage.static.regID">cEhYp4yoT16_stqSnwQfLw:APA91bFNUmyzYddAlQGMhPgEMQTpULO4WAoOCJnSL6FCSYFhXxK3hkwOQM1UMOlBqQTTnzhDJCbkWvvREI5gSREPck1UPMV3I9JG58UFRFdr_ZxCEYSF-os</string>
    <string name="license_code">in~d3a49c88</string>
    <string name="com.webengage.session.suid">0000019a-8440-b1ce-b0bf-d2bda1251ff0</string>
</map>
