{"Fid":"dAOOLBMXSTiscWm71EPjfq","Status":3,"AuthToken":"eyJhbGciOiJFUzI1NiIsInR5cCI6IkpXVCJ9.eyJhcHBJZCI6IjE6NjM2ODEzODMyNjYyOmFuZHJvaWQ6NmVlMWZhZWNlZGIzYjFkYmZjNzQ3NyIsImV4cCI6MTc1NjY5MjI1MiwiZmlkIjoiZEFPT0xCTVhTVGlzY1dtNzFFUGpmcSIsInByb2plY3ROdW1iZXIiOjYzNjgxMzgzMjY2Mn0.AB2LPV8wRgIhALVEJU6rOpbcR5ZVSP7E1ZGj8KIjtwrUbIqXyXX88vFDAiEA3t_5rj9xcmOjyKXkiS5IsWcgKyTeBvjnUf-Q3YumRzI","RefreshToken":"3_AS3qfwK2dA8cqze7P8LzRjcx_krgZGt1xQpxmmyT_qqJKKOvXLNRuk-3wwAsr6CKGsmHwqYY-VmXGQUbz_UYcAo4UwfFhYcbN75Y7U96r81j-2k","TokenCreationEpochInSecs":1756087452,"ExpiresInSecs":604800}