{"Fid":"cleMAFUzS4WBRKbsPNJE2U","Status":3,"AuthToken":"eyJhbGciOiJFUzI1NiIsInR5cCI6IkpXVCJ9.eyJhcHBJZCI6IjE6ODc2MzMzMzcxNTk2OmFuZHJvaWQ6OTJlMjQzNjFhNmE0YWIzY2Y4MzI2OSIsImV4cCI6MTc1NjY5MjI1MywiZmlkIjoiY2xlTUFGVXpTNFdCUktic1BOSkUyVSIsInByb2plY3ROdW1iZXIiOjg3NjMzMzM3MTU5Nn0.AB2LPV8wRQIhAI46gTKoJl93og5deRk-USnl7FYif8vwpaN3LBPx9vqtAiB7FXDL6KerfYYNjznc6sem9FozPkCnXCwySIbxGsKerw","RefreshToken":"3_AS3qfwJghqOBiDZm-WCOzXV6_7tkN5nLgQPsay7LRAF4Qq_2PPq9pOvv8I7-prFQc8mPcE87XAVSCIAvomdlusB631XidkRK2C-LIv68UbrtImE","TokenCreationEpochInSecs":1756087452,"ExpiresInSecs":604800}