{"Fid":"c-Lv_zPJQtuxEspWyj39O2","Status":3,"AuthToken":"eyJhbGciOiJFUzI1NiIsInR5cCI6IkpXVCJ9.eyJhcHBJZCI6IjE6ODc2MzMzMzcxNTk2OmFuZHJvaWQ6OTJlMjQzNjFhNmE0YWIzY2Y4MzI2OSIsImV4cCI6MTc2NzQwOTY2NywiZmlkIjoiYy1Mdl96UEpRdHV4RXNwV3lqMzlPMiIsInByb2plY3ROdW1iZXIiOjg3NjMzMzM3MTU5Nn0.AB2LPV8wRQIhAI6NubGyT95mvKS_k84wtoyvduzqqRmLDLmJYiR4-P4kAiBuW9hJBIjVhv17yMvtk8ydJ_NxyFZ9Ug7JR9B2VDBv9A","RefreshToken":"3_AS3qfwKEM__gcRm8y0uWdQzvlkpb0V8-GgqslGb6XhrWtmWBpkLWfpEHKi5p9joI0qJ68ds3x1Rwi0EjxW6vVhBp5cyJhH9CFduKUaDwwn2lkbs","TokenCreationEpochInSecs":1766804866,"ExpiresInSecs":604800}