{"Fid":"fucdc-wuSJiMSGJ_2FELwz","Status":3,"AuthToken":"eyJhbGciOiJFUzI1NiIsInR5cCI6IkpXVCJ9.eyJhcHBJZCI6IjE6NjM2ODEzODMyNjYyOmFuZHJvaWQ6NmVlMWZhZWNlZGIzYjFkYmZjNzQ3NyIsImV4cCI6MTc1NjYzNTg0NywiZmlkIjoiZnVjZGMtd3VTSmlNU0dKXzJGRUx3eiIsInByb2plY3ROdW1iZXIiOjYzNjgxMzgzMjY2Mn0.AB2LPV8wRQIhAMaiwECKmaYkYEr1RnK7R0Kbir94E-k5ja-_g5yYgjdKAiBvcQxuCUxUSS3Rsfr1OTTAjRliki6lqy7erhLF9da_Qg","RefreshToken":"3_AS3qfwJajRNgBciJ6gHVeQDFd99Ugj7FT9AswY8MoMHZXSHPHO-9d_nRgvW5Q6BtPq0872C7vACRvTHePbySikPHNLBxecmyFkWGkfpPGU8ZKEQ","TokenCreationEpochInSecs":1756031047,"ExpiresInSecs":604800}