{"Fid":"fNwJNodkRySCCv7osyxqCf","Status":3,"AuthToken":"eyJhbGciOiJFUzI1NiIsInR5cCI6IkpXVCJ9.eyJhcHBJZCI6IjE6NjM2ODEzODMyNjYyOmFuZHJvaWQ6NmVlMWZhZWNlZGIzYjFkYmZjNzQ3NyIsImV4cCI6MTc2NzQwOTY2NiwiZmlkIjoiZk53Sk5vZGtSeVNDQ3Y3b3N5eHFDZiIsInByb2plY3ROdW1iZXIiOjYzNjgxMzgzMjY2Mn0.AB2LPV8wRgIhAPr03P18o6uwZYJnmQ_7F9WX35VFhsaFqZ0zNrhJgswEAiEAv9m-WokByx2ZtGwRRgBPXenkn9wRAvyIqkBpNzY9b5I","RefreshToken":"3_AS3qfwJR7XWB48aAr8Y1IdE2wQdmm_DhrelNwz_mYLvwnONY0MW35CeOoA-iWF7pKzZRssvD41RX1F9DmqY_rLIQFfA-_-soEZndqfS0VvZBIQ","TokenCreationEpochInSecs":1766804865,"ExpiresInSecs":604800}